cpu_quota,mem_quota,startup_time
1.0,1,2.3136581294238567
1.0,2,3.01671726629138
2.0,1,2.1337661892175674
2.0,2,2.895207144320011
