load,avg_latency,instant_latency
12,0.1968444800004363,0.31249683699570596
10,0.4524459911377302,0.6899415400112048
4,0.6371571179479361,1.171354555990547
8,0.6499148920256024,0.27963810006622225
12,0.6362553793618357,0.8032283990178257
